INSERT INTO app_user (id, email, display_name, active)
VALUES
    ('00000000-0000-0000-0000-000000000001', 'gm@war.local', 'GM-One', TRUE),
    ('00000000-0000-0000-0000-000000000002', 'player@war.local', 'Player-One', TRUE);

INSERT INTO campaign (id, name, current_phase, created_by_user_id)
VALUES ('10000000-0000-0000-0000-000000000001', 'Alpha Demo Campaign', 'LOBBY', '00000000-0000-0000-0000-000000000001');

INSERT INTO campaign_member (id, campaign_id, user_id, role)
VALUES
    ('20000000-0000-0000-0000-000000000001', '10000000-0000-0000-0000-000000000001', '00000000-0000-0000-0000-000000000001', 'GM'),
    ('20000000-0000-0000-0000-000000000002', '10000000-0000-0000-0000-000000000001', '00000000-0000-0000-0000-000000000002', 'PLAYER');

INSERT INTO campaign_invite (id, campaign_id, invited_by_user_id, invitee_email, invite_token, intended_role, status, expires_at)
VALUES ('30000000-0000-0000-0000-000000000001', '10000000-0000-0000-0000-000000000001', '00000000-0000-0000-0000-000000000001', 'observer@war.local', 'demo-observer-invite', 'OBSERVER', 'PENDING', DATEADD('DAY', 7, CURRENT_TIMESTAMP));

INSERT INTO faction (id, campaign_id, faction_key, name)
VALUES
    ('40000000-0000-0000-0000-000000000001', '10000000-0000-0000-0000-000000000001', 'allies', 'Allied Forces'),
    ('40000000-0000-0000-0000-000000000002', '10000000-0000-0000-0000-000000000001', 'axis', 'Axis Forces');

INSERT INTO territory (id, campaign_id, territory_key, name, theatre_key)
VALUES
    ('50000000-0000-0000-0000-000000000001', '10000000-0000-0000-0000-000000000001', 'normandy', 'Normandy', 'western-europe'),
    ('50000000-0000-0000-0000-000000000002', '10000000-0000-0000-0000-000000000001', 'calais', 'Calais', 'western-europe');

INSERT INTO turn (id, campaign_id, turn_number, phase, starts_at, ends_at)
VALUES ('60000000-0000-0000-0000-000000000001', '10000000-0000-0000-0000-000000000001', 1, 'LOBBY', CURRENT_TIMESTAMP, NULL);

INSERT INTO territory_state (id, turn_id, territory_id, controlling_faction_id, control_status)
VALUES
    ('70000000-0000-0000-0000-000000000001', '60000000-0000-0000-0000-000000000001', '50000000-0000-0000-0000-000000000001', '40000000-0000-0000-0000-000000000001', 'CONTROLLED'),
    ('70000000-0000-0000-0000-000000000002', '60000000-0000-0000-0000-000000000001', '50000000-0000-0000-0000-000000000002', '40000000-0000-0000-0000-000000000002', 'CONTROLLED');

INSERT INTO platoon (id, campaign_id, faction_id, home_territory_id, platoon_key, name)
VALUES
    ('80000000-0000-0000-0000-000000000001', '10000000-0000-0000-0000-000000000001', '40000000-0000-0000-0000-000000000001', '50000000-0000-0000-0000-000000000001', 'allies-1', 'Allied 1st Platoon'),
    ('80000000-0000-0000-0000-000000000002', '10000000-0000-0000-0000-000000000001', '40000000-0000-0000-0000-000000000002', '50000000-0000-0000-0000-000000000002', 'axis-1', 'Axis 1st Platoon');

INSERT INTO platoon_state (id, turn_id, platoon_id, territory_id, readiness_status, strength)
VALUES
    ('90000000-0000-0000-0000-000000000001', '60000000-0000-0000-0000-000000000001', '80000000-0000-0000-0000-000000000001', '50000000-0000-0000-0000-000000000001', 'ACTIVE', 100),
    ('90000000-0000-0000-0000-000000000002', '60000000-0000-0000-0000-000000000001', '80000000-0000-0000-0000-000000000002', '50000000-0000-0000-0000-000000000002', 'ACTIVE', 100);
